,feature,class
0,"[-1.7205176e+02  1.7807889e+02 -2.7258942e+00  6.4907539e+01
 -1.7838411e+01  3.1229670e+01 -4.5152202e+00  1.6065993e+00
 -1.6577579e+00 -5.4785323e+00  8.0105228e+00 -8.2841625e+00
  6.3773460e+00 -7.8096404e+00  5.0518317e+00 -3.6629853e+00
 -2.0983756e+00 -1.1595209e+00 -5.4776149e+00  2.9838784e+00
 -6.1206489e+00  1.3454889e+00 -4.5302539e+00  6.2176481e-02
 -2.3883266e+00 -2.6563327e+00 -1.3686526e+00 -5.5580378e+00
  1.8747671e+00 -3.0812449e+00 -8.3129746e-01 -3.0080304e+00
 -1.2424557e+00 -2.4511242e-02 -2.6216123e+00 -8.8082135e-01
 -1.6525534e+00 -1.2403662e+00 -2.1159630e+00 -6.7098272e-01]",WeightedbladesNoise
1,"[-131.54875     141.76346     -46.163578     86.30664     -34.29394
   50.752316     -7.2111382    20.179947      1.1191738     8.642964
   17.42167     -12.24751      10.948056    -13.48773       7.5337577
   -7.391709      6.8106127    -0.4241073    -1.0360614     4.842137
   -4.562444      4.895905     -7.3668275     2.0256462    -6.826592
   -0.6375612    -3.4705048    -3.9134986    -0.3384776    -5.664391
   -2.230023     -4.99689      -1.4489555    -5.4416337    -0.65408295
   -2.4042778    -0.5313508    -1.0464935    -1.3300027    -1.5998715 ]",WeightedbladesNoise
2,"[-154.2827      141.59094     -45.067036     66.9208      -30.89585
   37.734337      3.2712145    18.457457      6.6482778     5.1264586
   15.122168     -4.7910056    17.537306     -1.6144001    12.392656
   -0.80943936    5.219519      4.2196155     1.1548659     7.685351
   -1.7952675     5.920038     -5.163165      2.1798735    -2.6310174
   -0.3434528     0.96219486   -3.0077739     0.26115438   -4.9871726
   -1.1258162    -4.1441536    -0.68811435   -2.4126985    -1.9847032
   -1.4948825    -1.5567073    -0.74611634   -2.4269407    -1.3824316 ]",WeightedbladesNoise
3,"[-1.23773880e+02  1.41927719e+02 -5.11788025e+01  6.62954102e+01
 -3.57944679e+01  3.66481895e+01  1.51133621e+00  1.76309166e+01
  4.17046261e+00  5.80159235e+00  1.32525196e+01 -8.15284824e+00
  1.59396181e+01 -3.91130495e+00  1.18199835e+01 -1.11284792e+00
  5.79718304e+00  3.93078589e+00  3.29614997e+00  9.03569126e+00
 -8.44714284e-01  7.69701576e+00 -4.31705523e+00  3.64449930e+00
  3.17468286e-01  2.27614975e+00  1.31436408e+00 -8.05929005e-01
  2.21677423e+00 -3.59131575e+00 -1.25075531e+00 -4.04109955e+00
  1.35229379e-01 -1.26168942e+00  9.51949000e-01 -5.24446309e-01
 -1.93936288e+00 -2.40772867e+00 -3.67920041e+00 -2.52771568e+00]",WeightedbladesNoise
4,"[-74.84768    150.31708    -69.574745    72.87649    -49.341694
  39.449924    -6.3038597   15.416624    -1.7419591    5.4637175
  15.758609    -7.3466096   16.990568    -9.317856    12.205316
  -4.0465446    4.0664563    0.4745387    2.297975     7.693681
  -1.2485014    7.311321    -4.8913436    4.8603363   -3.2001796
   1.598346    -0.9976816   -2.9643123   -1.0042229   -3.7242732
  -0.52329075  -4.3395996    1.6575174   -2.7776475    0.29764873
  -1.5580709   -1.9627223   -3.7287068   -3.9519415   -3.1800022 ]",WeightedbladesNoise
5,"[-1.15415924e+02  1.47394623e+02 -5.40548019e+01  6.42806778e+01
 -3.80211372e+01  3.75193825e+01  2.86854482e+00  1.69128990e+01
  3.29370499e+00  5.59728765e+00  1.50453901e+01 -6.53257179e+00
  1.59448414e+01 -3.73675156e+00  1.32788839e+01 -1.08184052e+00
  4.39149714e+00  3.13016105e+00  1.55936348e+00  8.62209129e+00
 -8.14844012e-01  6.06456804e+00 -3.80229259e+00  3.78112102e+00
 -2.67074347e+00  8.08868825e-01  1.15813053e+00 -2.77022815e+00
 -2.41338909e-01 -4.20105410e+00 -6.63455844e-01 -4.33159924e+00
 -2.41276026e-02 -1.98039579e+00 -6.92684650e-01 -1.48093379e+00
 -2.57786775e+00 -2.65589285e+00 -3.52523303e+00 -2.77782059e+00]",WeightedbladesNoise
6,"[-1.2372406e+02  1.3930104e+02 -3.8635918e+01  5.7399269e+01
 -3.1302885e+01  2.9005535e+01  9.4508915e+00  1.4314590e+01
  7.4359589e+00  6.4484520e+00  1.4513780e+01 -4.5294895e+00
  1.4924513e+01 -6.4238518e-01  1.0722245e+01 -1.3786209e-01
  1.0332812e+00  4.7519455e+00  2.0564501e+00  9.5364141e+00
  3.0208331e-01  4.3120780e+00 -4.0703502e+00  2.0006318e+00
 -7.2621888e-01 -4.1065645e-01  1.9792775e+00 -3.0039773e+00
 -1.3126288e-01 -4.7134552e+00 -1.3013172e+00 -3.8185084e+00
 -1.1106538e+00 -7.1508163e-01 -1.2304648e+00 -8.5624105e-01
 -3.9681115e+00 -2.4000590e+00 -2.9598315e+00 -2.9699898e+00]",WeightedbladesNoise
7,"[-1.4657397e+02  1.4178734e+02 -3.2979881e+01  5.9888142e+01
 -2.3171083e+01  3.1051779e+01  1.1162287e+01  1.6138971e+01
  1.2199239e+01  9.6499681e+00  1.4409569e+01 -5.7579665e+00
  1.4777052e+01  7.2279507e-01  9.5794678e+00 -6.7486650e-01
  7.5867867e-01  5.0640492e+00  1.1394210e-01  5.8718109e+00
 -1.0317773e+00  4.8768835e+00 -5.6778283e+00 -4.5211756e-01
 -1.1382865e+00 -9.1400087e-01  1.9279807e+00 -4.9096084e+00
 -1.4888864e+00 -5.2257609e+00 -9.0421689e-01 -3.8923147e+00
 -2.6260226e+00  7.1641221e-03 -1.4883628e+00 -8.0716455e-01
 -3.8743653e+00 -2.7641447e+00 -3.0610099e+00 -2.8626473e+00]",WeightedbladesNoise
8,"[-1.3449983e+02  1.3579192e+02 -3.5496922e+01  5.6195351e+01
 -2.7343559e+01  2.8961081e+01  9.4577303e+00  1.5186498e+01
  1.0852945e+01  8.4778576e+00  1.5884707e+01 -5.7346950e+00
  1.2500001e+01 -5.2209413e-01  9.1610422e+00  3.8177854e-01
  1.6725229e+00  5.2705317e+00  2.1244009e+00  8.2397223e+00
 -5.8668458e-01  4.6491423e+00 -4.3919768e+00  6.8549699e-01
 -2.0502959e-01  1.5208709e-01  2.1160407e+00 -3.9293177e+00
 -1.1327586e-02 -5.0734358e+00 -1.9977362e+00 -3.4281445e+00
 -1.5921752e+00 -4.1127932e-01 -1.4094530e+00 -7.1381420e-01
 -3.7740390e+00 -2.4784975e+00 -3.3364086e+00 -2.4816692e+00]",WeightedbladesNoise
9,"[-88.94681    145.34932    -65.7074      61.57991    -37.265102
  39.385296    -3.175599    13.591645     2.6933143    8.457535
  15.65968     -9.105332    12.80635     -6.645376    12.10461
  -3.3915005    4.8930287    2.013608     1.2842166    7.2174754
  -3.2677941    7.920541    -2.6431468    2.0993824   -5.268235
   1.303939     1.3903574   -2.7854936    0.5887005   -3.564082
   0.37374413  -3.590198     1.2585337   -0.91900635  -0.21121885
  -1.26728     -2.2090743   -3.2430036   -3.7875855   -1.5372473 ]",WeightedbladesNoise
10,"[-76.418175   139.55841    -60.763485    59.73767    -33.1448
  32.581844    -5.2542806   12.153185     2.5739183    5.1259394
  15.902894    -6.742963     8.914708   -11.573141     6.5445113
  -5.2430325    2.6119542    1.3137778   -1.6779542    3.9301221
  -4.7504916    6.184182    -3.6275024   -0.70569825  -5.309385
   2.0323606    0.54842246  -4.2098746    0.6323408   -3.963553
  -0.33323497  -3.1925056    1.0057323   -1.3432065   -0.4519289
  -0.5527241   -2.2402365   -2.4851334   -3.3611052   -1.0254841 ]",WeightedbladesNoise
11,"[-61.49147    150.60843    -89.781044    78.07637    -54.937794
  35.598164   -18.930244    16.635832    -6.149496     0.72332835
   9.016764   -11.679375    13.559196   -12.856064    14.487277
  -6.172686     6.097353    -1.7994411    2.1712272    5.7818956
  -3.0040817    5.1172786   -5.7066145    6.2284675   -5.562693
   3.651569    -1.8137381   -1.8011572    0.3072609   -2.6475403
   0.8364424   -4.1076937    1.0809184   -1.561574     3.571452
  -1.9808497   -1.0452582   -3.5588632   -2.8295894   -2.568058  ]",WeightedbladesNoise
12,"[-64.28995   152.21306   -88.706085   83.283264  -58.34403    41.288223
 -22.437054   14.675079   -8.34819     1.1510944  10.846025  -11.10947
  14.479307  -12.968706   14.847625   -8.141003    5.9004545  -2.4208522
   1.0558064   4.936788   -2.7760198   5.1319823  -4.746007    6.58541
  -5.1406193   5.0767536  -1.8374255  -3.5071826  -2.4962575  -3.0905154
  -1.8412424  -5.1172967   1.7316525  -1.568273    3.5414655  -1.1930332
   1.6725582  -2.2785616  -1.7955058  -2.5655458]",WeightedbladesNoise
13,"[-64.03335   152.73727   -86.92439    83.65755   -58.476204   40.15747
 -22.19346    14.047072   -5.45986     0.9682787  10.2768545 -10.653399
  14.808541  -11.960411   14.07245    -7.3367343   6.853386   -1.7507405
   1.7262863   5.155397   -1.9695542   5.6309066  -5.635483    6.6672606
  -5.159608    5.243293   -1.1329814  -3.2159579  -1.5557284  -2.5300918
  -1.4405432  -6.07428     1.9047939  -1.6856138   2.8572764  -0.9464307
   0.6511393  -2.258503   -1.7042003  -3.0640574]",WeightedbladesNoise
14,"[-62.015404   150.85846    -84.05336     80.23778    -56.4922
  38.79142    -20.350042    13.18255     -3.7937088    1.7409798
   9.70397     -9.81991     14.257525   -11.559146    14.5163555
  -7.285453     6.929881    -0.5282545    1.550053     4.8722486
  -2.0916307    6.4652977   -5.264398     6.745402    -4.3642263
   5.6099296   -0.64318895  -3.308126    -1.0191027   -3.1142154
  -1.0018454   -5.805514     1.0330161   -1.770874     2.8205595
  -0.56824267   0.49868298  -2.084161    -1.4770653   -2.6338115 ]",WeightedbladesNoise
15,"[-6.9495461e+01  1.4875212e+02 -7.6616959e+01  7.7461693e+01
 -5.4795185e+01  3.8537052e+01 -1.5753782e+01  1.4305793e+01
 -2.0288079e+00  5.7861514e+00  1.3424518e+01 -1.0117768e+01
  1.6032036e+01 -8.3339443e+00  1.7066450e+01 -5.1252341e+00
  7.8481421e+00  2.6892560e+00  1.3754956e+00  5.3991036e+00
 -3.6157320e+00  7.1414151e+00 -3.8135939e+00  6.6963634e+00
 -2.8021235e+00  3.2686160e+00 -1.6448910e+00 -1.7420917e+00
  6.1195952e-01 -3.4837039e+00 -1.1108453e-01 -4.2083802e+00
  1.5459366e+00 -2.6260290e+00  1.2943172e+00 -1.1649997e+00
 -9.3001788e-03 -2.9727345e+00 -2.8327532e+00 -1.3441734e+00]",WeightedbladesNoise
16,"[-89.932556   147.65814    -65.65632     71.86215    -48.345062
  35.27905     -8.638953    16.821884     2.603364     5.098936
  15.5167675   -8.999008    14.728559    -6.286673    13.927505
  -1.0448731    8.802744     3.631529     0.39644226   5.692032
  -2.9647644    4.338414    -4.3911834    6.5586724   -1.4710064
   2.8590524   -0.1506247   -0.8593795    2.0779402   -3.3642306
  -1.0740911   -4.418114     0.935257    -2.452042    -0.23549815
  -2.2222395   -0.5075213   -1.9192787   -3.0735562   -1.648799  ]",WeightedbladesNoise
17,"[-93.47766    151.93715    -82.72548     80.38454    -57.196526
  41.587173   -25.176594    14.68155    -10.726307     3.9700193
  11.091324   -10.347604    12.244278   -15.899488    12.507003
  -8.20453     10.550119    -3.5850117    2.800198     4.250727
  -3.956617     5.775824    -7.034724     5.002482    -4.3335247
   4.7145467   -3.6759033    0.5840812   -0.77138114  -2.8784022
   0.6389743   -2.684385     2.6798434   -3.3601627    2.039454
  -3.9941227   -2.2829058   -3.7328317   -1.1397178   -1.9803182 ]",WeightedbladesNoise
18,"[-89.895164   148.48964    -75.62239     77.30371    -54.11211
  41.707157   -18.505919    15.537081    -8.760104     3.4459684
  14.6923275   -7.6983852   12.9334135  -15.996182    14.013263
  -5.465149     9.158164     0.8089251    2.2387135    4.573431
  -2.259859     6.009481    -7.31512      5.7264977   -2.7971394
   5.555754    -2.289503    -1.1512516    0.8314551   -1.5204062
   1.1491743   -3.9725604    2.2477083   -2.6572504    2.0815954
  -3.1393526   -2.7693324   -4.3514895   -1.6396617   -0.53751045]",WeightedbladesNoise
19,"[-96.78285    149.38908    -79.758194    80.87717    -59.610752
  39.030586   -24.4052      16.857203    -9.207112     4.6714187
  14.87045     -9.566507    12.029472   -17.33105     12.776124
  -8.592145    10.883953     1.3368218    3.0504355    4.5959787
  -3.7846053    6.7534842   -6.8530107    6.0276375   -3.1774304
   4.361407    -1.5662018   -0.4454624   -0.74064064  -2.7929919
   1.0507584   -2.0539274    1.7160374   -2.888393     1.690181
  -4.9002905   -2.67919     -3.4443173   -0.6764812   -1.3988081 ]",WeightedbladesNoise
20,"[-88.04941    151.27895    -74.60701     73.17665    -57.279346
  39.080425   -17.419956    17.482365    -7.8572035    4.1133704
  14.040311    -9.481825    12.781065   -14.869781    13.325786
  -7.902873     9.398235     2.5738633    2.2973819    5.581247
  -2.1511574    6.7308426   -6.8467784    5.401966    -3.5111318
   2.8196743   -2.0172915    0.2533045    1.3750902   -3.217857
  -0.16671422  -2.4093542    2.5296893   -2.7462795    1.5055923
  -2.444116    -1.5420159   -4.4257393   -2.230277    -1.5008864 ]",WeightedbladesNoise
21,"[-8.7562721e+01  1.5247748e+02 -8.1581123e+01  7.8192032e+01
 -6.0807911e+01  3.8664524e+01 -2.0723839e+01  1.5618533e+01
 -1.1368761e+01  4.6974502e+00  1.3900579e+01 -8.8748407e+00
  1.3634874e+01 -1.6666382e+01  1.3226088e+01 -9.4637804e+00
  8.8126526e+00  8.7852013e-01  2.7230170e+00  4.2975316e+00
 -3.7829871e+00  5.6916285e+00 -7.5718865e+00  5.1007543e+00
 -4.9966435e+00  3.7990205e+00 -2.9236028e+00 -6.6025265e-02
  1.4977200e+00 -4.9321556e+00 -9.1150892e-01 -1.8572026e+00
  2.4913850e+00 -2.6696980e+00  1.2495066e+00 -2.9919963e+00
 -8.6775130e-01 -4.0301781e+00 -1.9493924e+00 -1.7348130e+00]",WeightedbladesNoise
22,"[-9.3163467e+01  1.4901233e+02 -6.3398716e+01  6.8523766e+01
 -4.9178902e+01  3.7374744e+01 -1.1580025e+01  1.5269921e+01
 -1.5852013e-01  6.5339627e+00  1.0960812e+01 -8.7690811e+00
  1.5057735e+01 -1.1285471e+01  1.1828222e+01 -5.4801750e+00
  8.5861664e+00  2.5603216e+00  2.3282268e+00  7.2176208e+00
 -3.5282230e+00  4.9570580e+00 -5.1862745e+00  5.9911065e+00
 -3.1308460e+00  1.7858902e+00 -1.3970698e+00 -4.6815287e-02
  1.2625729e+00 -3.8920381e+00  2.9479274e-01 -3.5934529e+00
  1.7389413e+00 -1.9855524e+00  1.9480890e+00 -2.0923405e+00
 -2.1571529e+00 -4.1908183e+00 -4.3391309e+00 -1.6695777e+00]",WeightedbladesNoise
23,"[-88.61814    152.58809    -70.44474     73.40196    -51.014736
  39.075764   -12.26555     20.571796    -4.936816     0.5682308
  13.553798    -5.6132674   15.245175   -10.056259    14.289552
  -5.3228307    8.57037      1.7656312    3.541943     5.4087076
  -1.8437027    7.585529    -4.685125     5.1076093   -4.828071
   2.724048    -1.8965602   -0.547916     2.5415688   -1.1643093
  -0.18036707  -2.8291137    2.5920908   -1.5059413    1.8397397
  -3.2924435   -0.6816612   -3.3405583   -3.1777544   -2.3787348 ]",WeightedbladesNoise
24,"[-82.13003    152.17995    -71.73946     70.76957    -51.679146
  38.483273    -9.666128    17.537329    -7.867381     3.8657088
  12.64082     -5.9824924   14.587915   -11.968796    17.00603
  -5.338543     7.542319    -0.5860968    2.8877969    7.628051
  -2.786899     7.506431    -5.661514     5.6730328   -4.541617
   1.1126361   -2.3644845    0.89093775   3.3297377   -2.6898828
  -0.3304899   -4.230608     3.2635098   -0.8003159    1.9231483
  -2.430051    -1.3330122   -2.8051047   -3.161616    -2.8098283 ]",WeightedbladesNoise
25,"[-7.8935883e+01  1.5666776e+02 -7.2884689e+01  6.7684250e+01
 -4.9495689e+01  3.9551704e+01 -7.1943955e+00  1.9223639e+01
 -2.3511183e+00  6.6362057e+00  1.0769209e+01 -1.1073314e+01
  1.4614528e+01 -8.7797880e+00  1.8144012e+01 -3.3731866e+00
  7.0817499e+00 -1.0973094e+00  4.5485318e-01  8.5815639e+00
  8.3912596e-02  7.3507867e+00 -5.9775143e+00  7.3214655e+00
 -4.1414189e+00  5.4516059e-01 -1.0131586e+00 -4.8837519e-01
  3.4565122e+00 -2.5416405e+00 -6.8096381e-01 -4.1500382e+00
  2.6987207e+00 -2.4649498e-01  1.4386946e+00 -3.5569191e+00
 -3.2214017e+00 -4.1015081e+00 -3.3529098e+00 -2.4993849e+00]",WeightedbladesNoise
26,"[-93.63271    150.92252    -68.70305     64.61194    -47.109077
  42.825775    -7.4153504   17.4081       1.4356025    4.6421742
  11.127634    -7.976351    14.873472    -7.359       16.139288
  -1.8258932    8.373658    -0.6849702    2.1866362   10.42174
   1.1136931    6.598376    -6.148474     5.3945184   -4.8430896
   1.0336086    0.28359833   1.2981329    3.644724    -2.8304098
  -0.73692966  -3.1826138    2.3862875   -1.8315175    1.2375071
  -1.5447974   -1.8319966   -4.288201    -3.1572995   -2.1137214 ]",WeightedbladesNoise
27,"[-8.72512283e+01  1.52157196e+02 -7.46489029e+01  6.46628418e+01
 -5.01258659e+01  4.28518906e+01 -1.19745321e+01  1.80942650e+01
  9.48254287e-01  6.25987959e+00  1.04570265e+01 -7.30373573e+00
  1.54253588e+01 -1.10431519e+01  1.50357141e+01 -3.30736661e+00
  9.55423164e+00 -7.38952339e-01  3.60343075e+00  1.03283968e+01
  5.32485962e-01  6.97319794e+00 -6.03848839e+00  5.61864376e+00
 -5.95920610e+00  3.35457182e+00  1.13294530e+00  7.78855503e-01
  2.62879658e+00 -2.94506288e+00  9.42327976e-02 -2.88616872e+00
  2.79198265e+00 -1.49282146e+00  2.32510304e+00 -2.07022190e+00
 -2.07179832e+00 -4.19426155e+00 -3.04324102e+00 -2.27151489e+00]",WeightedbladesNoise
28,"[-1.2251585e+02  1.5103270e+02 -5.3739326e+01  6.2591511e+01
 -3.6895554e+01  3.5846310e+01  3.7173951e-01  2.1670347e+01
  5.4620323e+00  6.2969966e+00  1.1726539e+01 -1.0688231e+01
  1.3035356e+01 -4.9896793e+00  1.3960310e+01 -8.0697668e-01
  6.2007771e+00  7.9860039e-02 -6.6573751e-01  8.3424702e+00
 -1.0544202e+00  5.8236389e+00 -5.3929167e+00  3.4100068e+00
 -3.9675062e+00  2.2238177e-01  5.3172197e-02 -1.7999130e+00
  2.7671030e+00 -3.7355661e+00 -6.8177992e-01 -3.6535249e+00
  8.9886057e-01 -1.0168214e+00 -3.0148050e-01 -2.6786990e+00
 -3.5677629e+00 -2.8051667e+00 -2.8205323e+00 -1.8269899e+00]",WeightedbladesNoise
29,"[-9.9601280e+01  1.4565384e+02 -5.3724525e+01  5.0757198e+01
 -3.1505983e+01  2.8978987e+01  1.5618072e+00  1.5316349e+01
  7.4734988e+00  5.2271504e+00  1.4553456e+01 -9.2136126e+00
  1.1086177e+01 -3.4001615e+00  9.2841043e+00  1.4401720e+00
  3.1301851e+00  1.5529860e+00 -2.2855702e-01  7.8860106e+00
 -1.8990791e+00  4.6652446e+00 -2.7871766e+00  2.1929173e+00
 -2.6083970e+00 -3.1983364e-02  1.8867905e+00 -4.0182290e+00
  9.2263418e-01 -2.7503088e+00  7.9681075e-01 -1.6387734e+00
  4.6166131e-01  1.5783402e-01 -7.6078874e-01 -1.2518435e+00
 -3.7900631e+00 -2.6960378e+00 -4.1695881e+00 -2.8906128e+00]",WeightedbladesNoise
30,"[-8.67330399e+01  1.59115189e+02 -7.22240448e+01  6.40248718e+01
 -5.08235435e+01  3.91386566e+01 -7.91478300e+00  1.94596348e+01
  6.13276720e-01  7.13540411e+00  1.59314156e+01 -1.06440516e+01
  1.43233376e+01 -8.46155357e+00  1.35683975e+01 -2.72057748e+00
  7.27227306e+00  1.53939962e+00  3.41729999e+00  8.17572689e+00
 -1.96957886e+00  8.95205975e+00 -2.91159868e+00  3.48156404e+00
 -3.87749147e+00  4.72027826e+00  3.66008401e-01 -2.91286039e+00
  1.17375918e-01 -3.20492435e+00  8.91361356e-01 -1.82232726e+00
  2.56114721e+00 -4.93118197e-01  2.29768801e+00 -2.05230045e+00
 -2.14835525e+00 -4.52718401e+00 -3.62890291e+00 -1.78209352e+00]",WeightedbladesNoise
31,"[-8.67848129e+01  1.56768021e+02 -6.89443588e+01  6.24751930e+01
 -4.84444427e+01  3.82005386e+01 -7.47964096e+00  1.77194939e+01
  5.11657059e-01  7.70340109e+00  1.81684227e+01 -7.90143538e+00
  1.33559055e+01 -1.17713785e+01  9.51043701e+00 -2.49397206e+00
  8.18879128e+00  2.81382656e+00  4.12423849e+00  8.44073391e+00
 -1.00650501e+00  8.69286823e+00 -3.98076200e+00  2.82332277e+00
 -3.01213670e+00  4.73207760e+00  5.01365721e-01 -2.24209023e+00
  1.31594822e-01 -4.11456108e+00  6.31829202e-01 -7.85573959e-01
  2.75609756e+00 -9.69060123e-01  1.81673205e+00 -1.43970263e+00
 -1.24323428e+00 -4.57380199e+00 -3.95304537e+00 -1.72809637e+00]",WeightedbladesNoise
32,"[-7.98855362e+01  1.59789398e+02 -7.53223495e+01  6.50042114e+01
 -5.02176018e+01  3.94684753e+01 -1.10967722e+01  1.82524433e+01
 -1.60198784e+00  7.69095945e+00  1.80844440e+01 -7.71030045e+00
  1.43291025e+01 -1.35048609e+01  1.06576576e+01 -4.81674862e+00
  6.70235538e+00  2.05321789e+00  5.30567217e+00  8.97463894e+00
 -1.80622840e+00  9.92250538e+00 -3.82825351e+00  1.88133419e+00
 -4.39325333e+00  5.16626930e+00 -1.58965200e-01 -2.82093787e+00
 -2.13297904e-02 -4.23597431e+00  2.87964940e-01 -1.48895586e+00
  3.16095471e+00 -9.00966346e-01  1.26536322e+00 -2.44170380e+00
 -1.02626121e+00 -4.46683407e+00 -3.67657828e+00 -1.38778090e+00]",WeightedbladesNoise
33,"[-80.38624    158.32593    -74.89737     66.99123    -51.471416
  39.979088   -10.697766    18.146017    -3.114221     5.4551344
  17.955944    -6.6320925   14.18144    -13.87811      9.962304
  -5.6317945    8.346487     3.1526608    3.8955467    6.985488
  -2.2781308   10.15025     -3.584226     1.9954758   -5.0498824
   4.5200777   -0.34178638  -1.9456083    0.63039345  -3.8525367
   1.0533115   -1.0624804    3.4365735   -0.8067271    0.9729974
  -2.0278428   -0.2906993   -4.672663    -4.2589335   -2.1346793 ]",WeightedbladesNoise
34,"[-1.0989821e+02  1.5240118e+02 -5.9316772e+01  6.1996677e+01
 -4.0293587e+01  3.7981281e+01 -3.5282729e+00  1.6126961e+01
  3.8221731e+00  6.0257540e+00  1.5367862e+01 -6.5430775e+00
  1.5784731e+01 -5.8649259e+00  9.4390345e+00 -3.4285021e+00
  8.1678619e+00  4.6863637e+00  1.9775869e+00  6.8836379e+00
 -9.5667452e-01  9.2130089e+00 -2.9404292e+00  3.4021299e+00
 -2.7596073e+00  2.9007881e+00  1.8514946e+00 -1.4888390e+00
  1.7049809e-01 -4.7498293e+00  8.9837122e-01 -1.5104021e+00
  3.3796895e+00  1.8650278e-02  9.4538704e-02 -1.6915381e+00
 -2.9792662e+00 -3.5222583e+00 -3.3273640e+00 -1.7903458e+00]",WeightedbladesNoise
35,"[-97.52049    147.78229    -57.45235     62.122826   -39.92116
  35.92        -3.0433612   14.627736     1.8239602    4.2990465
  17.174555    -4.953185    14.0546255   -8.3604765    7.566997
  -2.232266     7.565047     4.584257     3.4931724    7.8109274
  -0.33275896   8.87517     -3.8344214    3.3243499   -2.485856
   3.214845     2.0554166   -1.8973025    1.2639937   -4.2341566
   0.8390394   -1.3841442    3.1165752   -0.1633107    0.29475343
  -1.1883861   -2.830823    -3.387581    -3.9863987   -1.9491962 ]",WeightedbladesNoise
36,"[-104.23675     149.24747     -59.834282     68.63822     -43.178604
   40.25787      -2.7716246    18.374466     -0.6452486     3.3918753
   15.625195     -6.1456013    16.094114     -8.167571      8.995689
   -4.3863215     8.116568      3.4182005     2.271618      7.071158
   -1.3666592     7.733498     -3.5248024     4.8705883    -3.3437264
    2.5953593     1.368498     -0.6659201     1.7302786    -2.7166228
    0.7379656    -2.3445644     2.1170225    -1.984105      0.56265694
   -0.8803277    -1.0502956    -2.788816     -3.705771     -2.9252472 ]",WeightedbladesNoise
37,"[-1.0387901e+02  1.3897269e+02 -6.5459869e+01  6.9317551e+01
 -4.5884750e+01  3.8692753e+01 -8.3250151e+00  1.8593710e+01
 -2.0340955e+00  9.7514376e-02  1.1827686e+01 -7.3068595e+00
  1.6250683e+01 -9.3733273e+00  1.2038716e+01 -3.5301471e+00
  8.4001331e+00  2.6958466e+00  1.6937009e+00  7.9316344e+00
 -8.1078106e-01  7.1609669e+00 -4.1699057e+00  6.4327917e+00
 -3.2336886e+00  7.4220467e-01 -1.0090209e+00  2.8874986e-03
  3.5121977e+00 -1.4470013e+00  1.2734699e+00 -3.6329389e+00
  1.1395046e+00 -1.8237125e+00  1.8658975e+00  1.6547915e-01
 -8.8667817e-02 -2.6931648e+00 -3.3438480e+00 -2.0989892e+00]",WeightedbladesNoise
38,"[-9.30570221e+01  1.53134537e+02 -7.61454086e+01  7.52616882e+01
 -5.43080559e+01  4.16401863e+01 -1.52846422e+01  1.84347897e+01
 -5.81539392e+00  1.64770246e+00  1.17521076e+01 -1.00969095e+01
  1.57454472e+01 -1.04525824e+01  1.45625772e+01 -5.91198206e+00
  8.90867996e+00  1.21732330e+00  1.21425188e+00  5.59834576e+00
 -1.31264222e+00  6.15406227e+00 -5.37866497e+00  6.92504787e+00
 -3.71977997e+00  3.04585028e+00 -2.07014918e+00 -2.87999004e-01
  1.11586702e+00 -1.93990970e+00  1.63501370e+00 -3.25883293e+00
  2.22231507e+00 -1.14744139e+00  2.58551526e+00 -1.29257667e+00
 -1.28242359e-01 -3.80287671e+00 -2.09388971e+00 -2.04899263e+00]",WeightedbladesNoise
39,"[ -62.94821     153.52823    -100.430824     83.791504    -56.527603
   35.75031     -25.709164     14.515763    -11.453294      1.8636458
   13.890939     -9.803627     13.476745    -17.070475     11.542233
   -9.197958      7.2742743    -0.26030278    3.5764923     4.2601743
   -3.9331834     8.187348     -3.9923716     3.6269207    -8.811669
    4.4623756     0.43235284   -0.8835394    -0.89453125   -2.8004591
    0.2577087    -3.2550113     2.4747665    -1.726721      2.6169064
   -2.145876     -0.26221207   -3.1986217    -2.3302813    -2.480702  ]",WeightedbladesNoise
40,"[-6.0860645e+01  1.4894106e+02 -9.3931129e+01  7.8018890e+01
 -5.4068375e+01  3.4267269e+01 -2.2579084e+01  1.3233202e+01
 -1.0032198e+01  3.6026835e+00  1.6099339e+01 -9.7710524e+00
  1.1430891e+01 -1.6688267e+01  1.2298835e+01 -8.4364653e+00
  6.6238756e+00  1.3522555e+00  2.9356778e+00  5.3847036e+00
 -3.1993616e+00  8.3251457e+00 -4.4936934e+00  3.0200701e+00
 -7.8878794e+00  3.8128116e+00  5.6551170e-01 -1.3006313e+00
 -8.4133184e-01 -3.1232274e+00  8.1739789e-01 -2.8949931e+00
  3.3960686e+00 -1.6144459e+00  1.4229238e+00 -1.9296875e+00
  4.8804164e-02 -3.2780843e+00 -3.2751279e+00 -1.6110455e+00]",WeightedbladesNoise
41,"[-6.12751999e+01  1.49814789e+02 -9.70082855e+01  8.07833023e+01
 -5.47471390e+01  3.69719849e+01 -2.38418941e+01  1.47369547e+01
 -1.06024885e+01  4.76845121e+00  1.61494064e+01 -9.98230743e+00
  1.20677996e+01 -1.78958950e+01  1.25946388e+01 -8.94855309e+00
  6.76157045e+00  1.10071003e+00  3.88228226e+00  4.81392813e+00
 -4.10107756e+00  8.29424191e+00 -3.70424056e+00  3.61784196e+00
 -7.69369507e+00  5.07988024e+00  6.31397404e-03 -1.36521113e+00
 -9.85889018e-01 -3.31947970e+00  7.02866018e-01 -2.73105764e+00
  3.33159018e+00 -1.63257241e+00  1.67461562e+00 -2.18388128e+00
 -2.54684687e-01 -3.95375419e+00 -3.38004851e+00 -2.13053942e+00]",WeightedbladesNoise
42,"[-1.4023732e+02  1.4135805e+02 -3.9472385e+01  5.4058338e+01
 -1.3562913e+01  2.8035009e+01  6.8450918e+00  1.4339499e+01
  1.3775107e+01  1.1135309e+01  1.5330886e+01 -6.2821331e+00
  1.2883275e+01  2.4139456e-01  8.1646070e+00  1.3232442e+00
  2.3743997e+00  5.9340010e+00 -2.1008132e+00  2.2849002e+00
 -2.3405168e+00  7.7548723e+00 -1.9110869e+00 -2.9370542e+00
 -2.7893918e+00  1.3366932e-01  2.2923393e+00 -5.0508299e+00
 -2.0774600e-01 -4.4497991e+00  8.6783722e-02 -1.7510393e+00
 -9.6548682e-01 -1.8568370e-01 -4.3080988e+00 -1.6580024e+00
 -3.1290731e+00 -2.4518893e+00 -5.1324711e+00 -2.9508665e+00]",WeightedbladesNoise
43,"[-125.558876    143.27614     -46.805874     53.80833     -20.824642
   29.084835      4.130243     13.139025     12.194315     11.056702
   16.19547      -6.879239     13.228094     -0.5512215     8.787095
    1.1394978     2.5115328     4.5115576    -0.9583611     4.474048
   -1.0336932     7.9300723    -2.4022186    -0.4734766    -1.7580125
    1.135122      2.4273915    -5.340701     -0.8306176    -3.5971882
    1.5790031    -1.7685611    -0.47341123   -0.58509684   -3.3437946
   -1.7981974    -3.7072182    -2.8471406    -5.408397     -3.3323827 ]",WeightedbladesNoise
44,"[-103.400764    151.06012     -63.03311      58.879894    -32.75265
   34.52737      -2.528298     13.713934     10.713638     13.137506
   15.702479     -9.195997     15.035806     -3.1381607    11.324652
   -1.3229247     4.5460167     3.1718183    -0.6557795     6.1274514
   -2.1617694     8.344673     -2.0168364     0.8750174    -2.7129738
    3.187553      2.1368504    -5.2378106    -1.5196489    -2.15448
    2.579092     -2.213891      0.30022576   -1.5710901    -1.087028
   -2.3189692    -3.1626513    -3.449325     -5.1642356    -2.6775777 ]",WeightedbladesNoise
45,"[-120.29118     145.91733     -52.504456     55.83077     -22.58991
   30.31099       0.48567718   14.120128     12.634275     12.413913
   16.46856      -7.2733746    14.855508     -0.66546774   10.240431
   -0.5968085     2.2134426     5.153089     -0.9098461     2.6063094
   -2.0124643     9.722396     -1.9918482    -0.15890534   -2.4003448
    2.7404175     2.7059271    -6.631673     -1.1092056    -2.8461413
    2.481166     -2.479553     -1.0060363    -1.132111     -2.5972755
   -1.8978069    -3.5276403    -2.6934626    -5.77809      -3.2685935 ]",WeightedbladesNoise
46,"[-1.0466853e+02  1.4805894e+02 -6.0330608e+01  5.7098591e+01
 -2.9576918e+01  3.3288517e+01 -1.3801447e+00  1.2650105e+01
  1.0383642e+01  1.3176303e+01  1.4551345e+01 -9.0287600e+00
  1.5555886e+01 -2.3320096e+00  1.1134579e+01 -1.4092724e+00
  3.8573339e+00  3.7871115e+00 -2.0441976e-01  6.1102877e+00
 -1.6195012e+00  8.7964191e+00 -1.7426773e+00  1.2255870e+00
 -2.4996791e+00  3.0985062e+00  2.0550263e+00 -5.4488339e+00
 -1.3517375e+00 -2.0862379e+00  3.2296820e+00 -2.8422220e+00
  1.4020549e-01 -1.6519989e+00 -1.8663027e+00 -2.4479039e+00
 -3.7452681e+00 -2.8198135e+00 -5.3963757e+00 -2.6414165e+00]",WeightedbladesNoise
47,"[-1.3377530e+02  1.4605061e+02 -4.7731846e+01  5.7979889e+01
 -2.1022427e+01  3.0876944e+01  2.9733651e+00  1.4587618e+01
  1.2741603e+01  1.0863701e+01  1.6414703e+01 -7.0973887e+00
  1.4433356e+01 -2.0866331e-01  8.5767450e+00  1.1785242e-01
  2.4623783e+00  4.9481378e+00  2.4873352e-01  4.1986542e+00
 -1.5956147e+00  8.2812090e+00 -2.4254513e+00 -5.8438498e-01
 -3.0213883e+00  8.3880943e-01  2.6411049e+00 -4.4897838e+00
 -8.8987631e-01 -4.2295084e+00  1.4597286e+00 -2.4056394e+00
 -6.6360325e-01 -5.7171738e-01 -4.0553026e+00 -3.2830424e+00
 -3.8646045e+00 -2.4801743e+00 -4.4946318e+00 -2.9939864e+00]",WeightedbladesNoise
48,"[-111.90639     141.59079     -52.36041      52.558758    -24.39204
   29.10665       1.8452606    13.657156     11.248023      9.963529
   16.728788     -5.774441     14.102967     -2.3343039     7.997901
    0.1726213     2.1349099     5.0268135     1.0905409     5.0658712
   -1.4588712     8.705682     -1.7787853    -0.50169355   -2.7991114
    2.525297      4.2172856    -5.353326     -2.2472496    -3.7527022
    2.5128214    -1.975849     -0.41052115   -1.1505727    -3.7683644
   -1.7700077    -3.3407743    -2.1479504    -4.907905     -3.261082  ]",WeightedbladesNoise
49,"[-4.88177910e+01  1.54141479e+02 -9.38171692e+01  6.60537872e+01
 -5.29410172e+01  3.39001541e+01 -1.72793674e+01  1.75586433e+01
 -2.91367912e+00  5.33309746e+00  2.07911167e+01 -8.43765259e+00
  1.17058115e+01 -1.46679554e+01  1.13355427e+01 -4.57458735e+00
  2.12675357e+00 -4.00421286e+00 -2.77670640e-02  5.28943777e+00
 -5.17809200e+00  4.57654667e+00 -4.76483965e+00  2.83937860e+00
 -5.40439653e+00  5.26404047e+00  2.49748394e-01 -3.11915851e+00
 -1.14294612e+00 -3.54541802e+00 -4.36344773e-01 -3.69004655e+00
  3.12636709e+00 -3.24100924e+00 -1.55098367e+00 -2.52903199e+00
 -5.94011366e-01 -3.41563511e+00 -3.23818207e+00 -2.62215900e+00]",WeightedbladesNoise
50,"[-55.64083    158.16644    -89.81149     69.32579    -55.763184
  40.58777    -16.677498    16.697445    -1.7778403   10.617728
  19.2196      -7.9951787   12.7602625  -11.043609    15.521002
  -7.4372854    4.1563396   -2.2791145    2.1085632    4.7044177
  -1.9378458    7.8957615   -5.476509     5.0057306   -3.5818362
   5.775128     0.5584307   -1.138562    -1.4154172   -3.1826737
   1.1114426   -2.407883     2.8831387   -2.4666693   -0.9355342
  -3.2502291    0.23273808  -3.3906324   -2.8465195   -2.4062116 ]",WeightedbladesNoise
51,"[-5.0280655e+01  1.5635004e+02 -9.0016525e+01  6.5950279e+01
 -5.4271145e+01  3.4161949e+01 -1.8126612e+01  1.5183449e+01
 -2.5653598e+00  6.3184257e+00  2.2028397e+01 -7.5763040e+00
  1.1173276e+01 -1.4737704e+01  1.1150355e+01 -4.2919121e+00
  1.1201589e+00 -5.2649174e+00 -1.9531639e-01  5.2339101e+00
 -4.0320587e+00  5.3823094e+00 -4.3743501e+00  3.5873299e+00
 -4.6672964e+00  5.1454887e+00 -3.9868498e-01 -3.0650311e+00
 -5.3469270e-01 -3.4782057e+00 -1.1555017e+00 -3.5709755e+00
  3.3813443e+00 -3.0969021e+00 -1.4536052e+00 -2.6884987e+00
 -1.9038511e-02 -2.9776392e+00 -2.9252794e+00 -1.5072380e+00]",WeightedbladesNoise
52,"[-140.53058     151.67543     -45.685966     64.243965    -20.568478
   35.22905       2.0846305    14.845325     12.57351      10.821099
   15.643186     -7.0621953    15.309118     -1.706965      7.841513
   -2.997793      1.2241048     4.122271     -2.109646      2.1194668
   -2.8703606     7.2219276    -3.4068887    -1.4043323    -3.4625075
    2.0281634     2.2245646    -5.441797     -1.6231607    -5.595435
    0.49124673   -1.1383197    -0.20599842   -2.3736193    -4.486447
   -2.2681963    -2.4651325    -2.2841346    -4.0940166    -1.7887502 ]",WeightedbladesNoise
53,"[-145.80734     143.14221     -38.66624      55.751526    -15.783395
   28.30065       5.5121884    13.864609     14.491893     11.162823
   16.234703     -4.3015895    15.365279     -0.1534228     5.8057656
   -0.9542343     0.63107854    6.1332493    -1.5914675     2.095275
   -1.2804644     8.742994     -2.0623949    -3.692859     -2.6754663
    1.7971113     3.9551625    -5.109775     -1.2203245    -4.048223
   -0.22472174   -1.8247464    -1.0846142    -1.5567205    -4.78149
   -2.1597633    -3.4733083    -2.3682222    -4.3064065    -2.3738124 ]",WeightedbladesNoise
54,"[-136.0134      141.85194     -40.92221      57.104004    -19.951376
   28.752579      4.6097603    15.01843      13.24064      10.507642
   18.46501      -3.1602316    15.130646     -1.2861053     7.199082
   -0.30380836    0.9258107     5.265485     -0.22472033    4.282376
   -1.5924909     8.228383     -2.45829      -2.116421     -2.1744664
    1.1919959     2.9159107    -5.8792486    -1.4198362    -3.7906933
    0.2127853    -2.8312607    -0.928283     -0.32387286   -3.8884723
   -2.4670014    -3.7299562    -1.9431267    -4.215386     -2.8824089 ]",WeightedbladesNoise
55,"[-1.2286890e+02  1.6668201e+02 -2.7455420e+01  7.7783379e+01
 -2.5629150e+01  3.7699543e+01 -9.7384911e+00  3.6838338e+00
 -3.6289783e+00 -3.5980465e+00  1.0170683e+01 -1.2249642e+01
  9.2079773e+00 -8.6582632e+00  5.4488688e+00 -6.4078255e+00
  3.6718535e-01 -1.0981457e+00 -4.9280715e+00  2.6897614e+00
 -7.2702084e+00  3.0156775e+00 -5.4097881e+00  1.0218992e+00
 -3.4409778e+00 -1.2412583e+00 -7.2880930e-01 -4.5391650e+00
  1.2174784e+00 -3.6186647e+00 -8.5978054e-02 -3.4417138e+00
 -7.6037902e-01 -1.1690145e+00 -7.6948452e-01 -1.1315730e+00
 -2.2803979e+00 -1.0202078e+00 -1.6466886e+00 -9.0309054e-01]",WeightedbladesNoise
56,"[-6.6811813e+01  1.3622020e+02 -6.9132988e+01  8.4258118e+01
 -4.0204872e+01  4.1799633e+01 -1.3373928e+01  7.4414387e+00
 -2.4849348e+00 -9.9723631e-01  1.2909336e+01 -1.3850644e+01
  1.1327727e+01 -8.5612974e+00  9.0070114e+00 -4.9901752e+00
  3.5042055e+00 -2.4503462e+00 -2.4442427e+00  2.6088171e+00
 -7.3668656e+00  4.9743361e+00 -6.2789421e+00  3.7722869e+00
 -2.9955084e+00  5.9563398e-01 -1.4206386e+00 -4.3220286e+00
 -4.9045667e-01 -5.6681018e+00 -7.0640397e-01 -4.3701434e+00
 -8.8244848e-02 -1.5788018e+00  4.5075494e-01 -8.3947927e-01
 -8.3564419e-01 -1.4162370e+00 -2.5042329e+00 -2.5070446e+00]",WeightedbladesNoise
57,"[-79.34826    141.15608    -62.555397    82.078606   -34.862774
  38.527462   -11.7965765    8.162632    -5.1001573    1.1310642
  11.586718   -13.818862    11.792838   -10.93017      8.346154
  -6.037124     2.497143    -1.014692    -3.1778865    2.01668
  -7.9201307    3.4839113   -5.3985744    4.1281524   -2.55084
   1.122749    -0.8855778   -3.4288244   -0.6024983   -5.925803
  -0.8020591   -3.7455573    0.35606486  -1.6293354    0.40680724
  -0.65521604  -0.94726366  -2.568407    -2.7371376   -0.79039586]",WeightedbladesNoise
58,"[-97.26702    147.02704    -61.896347    80.435486   -29.651285
  39.50955    -13.124699    10.733481     1.517492    -1.818922
   5.3465986  -15.798188     7.063846   -13.066151     7.981496
  -6.465701     2.5670753    0.4497573   -0.9959989    3.346716
  -7.4456177    3.3396268   -4.9460616    1.9767963   -4.344009
   0.18241404  -2.908955    -4.0232515    0.57769936  -2.355273
   1.2314525   -4.647749    -1.15302     -3.6150253   -0.9973737
  -0.9093156   -0.84841496  -2.2246895   -2.210833    -0.78332555]",WeightedbladesNoise
59,"[-84.292206   140.41681    -68.48609     79.28565    -44.724644
  43.974823    -9.98444     11.759269    -8.333176    -6.0309143
   6.70808    -13.796423     7.6117177  -15.233806     5.528455
  -7.462347    11.394572     1.0254374   -1.8755372    2.1561193
  -5.121676     6.2278876   -5.2720585    5.6782146   -6.2796755
  -1.3507739   -1.6358641   -1.0362941    1.2240512   -3.4593444
  -0.2570331   -4.0267334   -0.88076377  -4.103651    -0.58814806
  -4.900484    -0.40802947  -2.233114    -2.5560424   -0.44497916]",WeightedbladesNoise
60,"[-83.3698     147.3283     -71.697754    79.0055     -41.16648
  42.12846    -18.293821     8.833858    -2.0435288    2.0231323
   8.193169   -14.345751     6.8366656  -14.958951     9.362928
  -8.34253      6.451011    -1.0596597   -0.8202831    3.3838692
  -4.4088235    6.5360856   -6.766123     3.2640514   -4.7598157
   1.7292181   -3.4320278   -3.292518     0.40958235  -3.922576
   0.43665558  -3.7893417   -0.7388346   -4.657311    -0.29424787
  -3.0015025   -0.7577338   -1.8112563   -1.575247    -2.0774045 ]",WeightedbladesNoise
61,"[-107.37242     143.57056     -48.900818     75.4865      -28.403053
   40.198364     -8.773394     10.068025      2.0045178     0.9860768
    8.522664    -15.76115       6.3376203   -11.009415      6.9217563
   -5.8052998     3.4005647     0.16251078   -1.7538004     5.0122566
   -6.049579      2.906876     -6.9486494     1.1207764    -4.1729417
   -0.6095672    -1.8848461    -5.3369894     0.35169506   -3.0062
    1.1324688    -3.2700033    -1.1993936    -3.0427008    -1.2864896
   -1.2031682    -0.85308105   -1.6987133    -2.9880352    -1.4374118 ]",WeightedbladesNoise
62,"[-7.90496216e+01  1.45707855e+02 -7.39448547e+01  7.69999924e+01
 -3.82173843e+01  4.14652634e+01 -1.94703026e+01  9.22290421e+00
 -2.72162008e+00  3.67003679e+00  1.09647369e+01 -1.36030092e+01
  6.73926640e+00 -1.41223917e+01  1.03870945e+01 -9.29750729e+00
  6.18702173e+00 -5.98285556e-01 -1.04785299e+00  4.42187786e+00
 -6.10114670e+00  5.76087618e+00 -4.91656828e+00  3.35935807e+00
 -3.22509813e+00  1.78186846e+00 -4.18775034e+00 -3.34332895e+00
 -1.10230601e+00 -3.63094354e+00  1.32783878e+00 -3.05437708e+00
 -3.21338654e-01 -4.89169931e+00  3.47849011e-01 -2.00926638e+00
 -1.16768390e-01 -2.86666727e+00 -2.98196125e+00 -2.06483269e+00]",WeightedbladesNoise
63,"[-80.93306    145.6495     -71.06219     76.42154    -37.259426
  44.120514   -19.033716     8.433744    -2.8987308    4.1151767
  12.490563   -12.090605     7.208691   -14.222012     9.007685
  -9.3980875    6.6039367   -1.6539338   -0.73824596   3.5380435
  -6.520476     6.943797    -5.6703544    2.9095082   -3.704515
   1.6497524   -4.4228983   -3.977432    -0.68785113  -3.8913093
   0.5884701   -3.34231      0.5046783   -4.7177205   -0.32534084
  -2.540823    -0.24063657  -1.8239936   -2.2910311   -2.0937371 ]",WeightedbladesNoise
64,"[-7.88213959e+01  1.49715240e+02 -8.02498703e+01  8.06205063e+01
 -3.94594498e+01  4.35081329e+01 -2.23532104e+01  1.20366726e+01
 -6.36205482e+00  4.96280670e+00  1.22529335e+01 -1.17453032e+01
  8.61758137e+00 -1.56775627e+01  1.06090860e+01 -1.16973782e+01
  6.88037586e+00 -1.83865952e+00  3.31709604e-03  3.30795789e+00
 -5.86337137e+00  7.00596952e+00 -5.57899046e+00  3.76117492e+00
 -4.40249634e+00  3.41431308e+00 -3.70035577e+00 -2.40623116e+00
 -1.11228645e+00 -3.91386414e+00  7.67989218e-01 -3.82774472e+00
  9.24507976e-01 -4.14378023e+00  1.43186018e-01 -2.53480983e+00
  4.17760499e-02 -2.19947553e+00 -1.43198121e+00 -2.78723097e+00]",WeightedbladesNoise
65,"[-1.3052643e+02  1.6868723e+02 -3.2940506e+01  7.4273941e+01
 -1.7541216e+01  3.9281467e+01 -1.1060618e+01  2.7365043e+00
  4.7501254e-01 -1.9115144e+00  8.5320835e+00 -1.4653987e+01
  8.8944244e+00 -7.3815932e+00  3.6231046e+00 -6.5088444e+00
 -8.2119799e-01  1.0024475e+00 -2.5148506e+00  1.5281395e+00
 -7.9113092e+00  2.9611232e+00 -4.0939903e+00 -1.2719385e-01
 -4.9048619e+00 -4.1152301e-01 -1.0060780e-01 -4.8423648e+00
  6.9498056e-01 -3.3216314e+00  8.8813657e-01 -3.7165899e+00
 -1.9980348e+00 -1.9485196e+00 -8.6171275e-01 -8.9978749e-01
 -3.0271413e+00 -1.4133343e+00 -1.0593742e+00 -3.5625583e-01]",WeightedbladesNoise
66,"[-8.95736008e+01  1.53314392e+02 -6.52629089e+01  7.77131500e+01
 -2.39981518e+01  3.88856926e+01 -9.65208626e+00  1.39212322e+01
 -6.13332152e-01  2.12339449e+00  7.83973980e+00 -1.58300495e+01
  7.67008018e+00 -1.38682365e+01  4.07936335e+00 -8.02193451e+00
  6.23788166e+00  2.66350922e-03 -2.55710053e+00  3.41070819e+00
 -7.62400770e+00  4.84046984e+00 -5.16582727e+00 -4.87045795e-01
 -5.27634382e+00  1.77367616e+00 -1.94710708e+00 -4.68373966e+00
  1.10735130e+00 -2.50081372e+00 -6.28439844e-01 -4.22337103e+00
 -6.56632781e-01 -3.20666599e+00 -4.12795916e-02 -2.23205757e+00
 -1.81878281e+00 -1.87526071e+00 -1.33458422e-02 -4.70363311e-02]",WeightedbladesNoise
67,"[-9.0531845e+01  1.5140146e+02 -6.8173470e+01  7.6262665e+01
 -3.1194069e+01  4.1427296e+01 -9.8966999e+00  1.4922967e+01
  2.6196137e-01  2.9032648e-01  5.9133782e+00 -2.0226707e+01
  5.4143243e+00 -1.3331800e+01  6.4231768e+00 -7.2958484e+00
  6.2087746e+00  7.9099494e-01 -2.1478856e+00  3.9007051e+00
 -5.7876148e+00  4.3717842e+00 -6.4485703e+00  1.6318237e+00
 -5.0437536e+00  1.1364036e+00 -1.8545934e+00 -4.8905482e+00
  8.2834810e-01 -2.5447328e+00 -6.8440223e-03 -4.9810119e+00
 -1.4479614e+00 -3.1272652e+00 -6.4013976e-01 -3.3901298e+00
 -2.0544145e+00 -1.7023711e+00 -6.9127977e-01 -5.4375166e-01]",WeightedbladesNoise
68,"[-9.0598770e+01  1.4846211e+02 -6.2303764e+01  7.5502876e+01
 -3.2185295e+01  4.7642838e+01 -9.0690746e+00  1.4352813e+01
 -1.4901308e+00  1.9123919e+00  4.6620960e+00 -1.7732716e+01
  8.7400084e+00 -1.5174765e+01  8.6655874e+00 -6.4471402e+00
  5.2667923e+00 -1.3297671e+00 -2.5552249e+00  4.4146519e+00
 -5.4837222e+00  4.1001806e+00 -6.4343696e+00  2.3569245e+00
 -5.7727203e+00  1.2560940e+00 -1.4957618e+00 -3.1123586e+00
  1.2089731e+00 -2.9589992e+00  5.0107205e-01 -4.0771580e+00
 -4.2693919e-01 -3.9601874e+00 -1.2214516e+00 -2.1722558e+00
 -1.1077007e+00 -2.7079389e+00 -1.3501341e+00 -1.3042191e-01]",WeightedbladesNoise
69,"[-9.6578964e+01  1.4148553e+02 -5.4999691e+01  6.9509872e+01
 -2.7138063e+01  4.4669800e+01 -5.9787254e+00  1.2554000e+01
 -4.2622891e-01 -5.4260541e-02  5.1295667e+00 -1.8594141e+01
  6.5801096e+00 -1.3222970e+01  6.5269594e+00 -4.7796698e+00
  4.8102403e+00  8.3317494e-01 -1.9383491e+00  4.4345951e+00
 -6.1949110e+00  2.3512802e+00 -6.6802721e+00  1.5096717e+00
 -4.9404569e+00  5.4425138e-01 -8.2655472e-01 -3.9241340e+00
  1.1538955e+00 -3.4786355e+00 -2.3072489e-01 -4.8797927e+00
 -1.1967915e+00 -3.1192367e+00 -1.4543277e+00 -1.6688820e+00
 -1.3605120e+00 -1.5073072e+00 -1.4618469e+00  1.6045725e-01]",WeightedbladesNoise
70,"[-83.35173    143.92805    -77.120445    73.46474    -41.088005
  48.404476   -14.660747    15.267823    -4.703238    -0.6434225
   2.2136343  -20.705185     7.090783   -16.825508    10.948656
  -6.185543     6.921679    -1.3737684    1.0692258    6.909062
  -5.241833     4.611051    -5.6780577    3.061161    -5.101875
   3.0551844   -2.2754989   -1.6074064    1.4849885   -2.4503758
   0.5556205   -4.8422365   -0.93736786  -5.002016    -1.4823382
  -3.1317923   -1.1985286   -3.5300841   -1.3282247   -0.5755817 ]",WeightedbladesNoise
71,"[-8.4100929e+01  1.4562115e+02 -7.0719688e+01  7.4501480e+01
 -3.7979588e+01  4.7722054e+01 -1.2820091e+01  1.3455266e+01
 -2.7384005e+00  2.7397599e+00  8.0608139e+00 -1.4734980e+01
  9.9547548e+00 -1.5161401e+01  8.8548298e+00 -8.1970034e+00
  5.9042969e+00 -1.4956675e+00 -5.5741596e-01  5.1781807e+00
 -6.0800104e+00  5.8906469e+00 -4.9912596e+00  3.4483523e+00
 -4.6223316e+00  2.4027982e+00 -2.2770627e+00 -2.9143145e+00
 -3.5576168e-03 -4.3549623e+00  2.0871550e-01 -4.5821371e+00
  3.0998701e-01 -2.7992003e+00 -8.5584861e-01 -2.8722458e+00
  8.5012801e-03 -2.2380059e+00 -1.6579551e+00 -7.4261522e-01]",WeightedbladesNoise
72,"[-8.7922867e+01  1.4538460e+02 -7.0389328e+01  7.0885208e+01
 -3.4667103e+01  4.4620003e+01 -1.2555025e+01  1.5244022e+01
 -2.5539155e+00  5.9595443e-02  5.5196986e+00 -1.9976740e+01
  6.3137732e+00 -1.4793326e+01  9.3114557e+00 -6.5557418e+00
  6.0261636e+00 -7.1417296e-01 -1.8897463e+00  6.5208693e+00
 -4.3550749e+00  4.4432912e+00 -6.3861094e+00  3.0346220e+00
 -4.2992563e+00  1.6145372e+00 -1.4032568e+00 -3.8913751e+00
  1.0494276e-01 -2.4911520e+00  1.0829357e+00 -4.3941088e+00
 -6.5879822e-01 -3.7419891e+00 -1.5855279e+00 -2.6679227e+00
 -1.1868397e+00 -2.0972228e+00 -1.3743058e+00 -1.7195812e+00]",WeightedbladesNoise
73,"[-8.6804710e+01  1.4824329e+02 -8.1795670e+01  7.7111336e+01
 -3.9081562e+01  4.6980865e+01 -1.3858943e+01  1.6625275e+01
 -7.3129497e+00 -2.5789611e+00  2.0751326e+00 -2.0864853e+01
  6.2158718e+00 -1.5338726e+01  1.3148647e+01 -5.5112586e+00
  7.7439985e+00 -9.0740538e-01  2.3368301e+00  5.7472143e+00
 -6.4175105e+00  4.5358543e+00 -6.3542042e+00  3.1002882e+00
 -5.0024285e+00  2.9253736e+00 -1.3900303e+00 -5.3404593e-01
  6.9712049e-01 -2.2142167e+00  1.1795532e-01 -5.3568115e+00
 -1.0093647e+00 -5.7125874e+00 -1.1677699e+00 -2.6279559e+00
 -5.3345913e-01 -3.6920044e+00 -1.2434144e+00 -4.4471335e-01]",WeightedbladesNoise
74,"[-8.9727440e+01  1.4364076e+02 -7.2586807e+01  7.3305717e+01
 -3.7862045e+01  4.8217796e+01 -1.2904972e+01  1.4208191e+01
 -2.5209298e+00  5.6375363e-03  2.9029214e+00 -1.9355473e+01
  7.9955997e+00 -1.5327334e+01  9.5537453e+00 -6.1742501e+00
  7.1742120e+00 -1.1119808e+00  1.4925507e-01  6.1727819e+00
 -5.5237875e+00  4.9995437e+00 -5.4537253e+00  3.2561922e+00
 -5.1531448e+00  2.1196434e+00 -1.6357040e+00 -2.3226936e+00
  1.2906610e+00 -2.3683727e+00  1.7245965e-01 -4.5463204e+00
 -5.2795798e-01 -4.4309769e+00 -6.4520711e-01 -2.7137082e+00
 -1.1263450e+00 -2.7870352e+00 -1.5384691e+00 -5.0301445e-01]",WeightedbladesNoise
